127855,"toll geliefert...immer gerne wieder hoffe auch beim n√§chsten mal...so prombt..und genau wie immer...so verbleiben wir ,mit einem gutem Ende auch dabei....",4
152307,Die Farbe des Armbands ist sehr sch√∂n. Der Verschluss ist ein wenig gew√∂hnungsbed√ºrftig. Generell st√∂rt mich dass man immer nur das Gesamtpaket bekommt und nicht nur die beiden √§u√üeren Teile,4
120267,"Ein sch√∂nes Erlebnis f√ºr kleine Kinder. Die Augen werden gro√ü, wenn die vielen kleinen Kugeln durch die R√∂hre nach unten prasseln. Leider ist die Lackierung gar nicht gut. Ich nutze den Stab in meiner Kindertagespflege und bereits nach einem Tag platzte an verschiedenen Stellen der Lack ab. Das geht mit Sicherheit auch besser!",4
130126,Schuhe sehen super aus und scheinen bequem! Ich bestelle die nochmal eine Nr. Gr√∂√üer!,4
156282,"Habe mir diese Panzerfolie als Ersatz geholt weil meine vorherige das Bild massiv verf√§lscht und k√∂rnig gemacht hatte. Diese macht das nicht, das Bild ist unver√§ndert. Die Passgenauigkeit ist so wie sie sein sollte. Hatte auch schon die Panzerfolie f√ºr das S3 und war auch da mehr als angetan. Der Grund zum Wechsel war auch beim S3 der Gleiche. Das einzig negative ist das sie Fett anzieht, allerdings ist sie auch hier besser als andere und verfettet nicht sofort. Hatte hier schon deutlich schlechtere die nach einmaliger Benutzung eine Fettschicht angesammelt hatten. Nutze es T√§glich und 1 Mal die Woche sauber wischen recht v√∂llig. Somit 4 Sterne und Kaufempfehlung.",4
133660,"Wir haben 2 Faltr√§der aufgrund der guten Bewertungen gekauft und sie haben unsere Erwartungen vollauf erf√ºllt. Einige Schrauben kontrollieren, teilweise nachziehen und los ging es. Die Sitzposition ist gut, auch f√ºr gr√∂√üere Personen, bin selbst 185 cm gro√ü. Unserer ersten Test im Urlaub haben die R√§der bestanden. Wenn man vergleicht was Faltr√§der bei namhaften Herstellern kosten, kann man nicht meckern.",4
157316,"Bestell- und Liefer-Abwicklung war problemlos. Kommunikation vor, w√§hrend und nach der Lieferung war gut. Somit positiver Gesamteindruck. Kann weiter empfohlen werden.",4
141204,"Passt super, wirkt hochwertig! Bin wie immer sehr begeistert mit dem Spigen Produkt!",4
153551,"Kurz: Witzige Hausschuhe mit Penis-Spitze. Eigentlich ausschlie√ülich als Gag-Geschenk geeignet, da Einheitsgr√∂√üe und der eher d√ºrftiger Verarbeitung. Die Reaktion, als die Pantoffeln als Geschenk √ºberreicht wurden, waren GOLD wert!! F√ºr privat nicht zu empfehlen (au√üer man tr√§gt gerne Penis-Hausschuhe) aber als Geschenk bestens geeignet (√ºbrigens auch f√ºr Schrottwichteln ;))",4
153131,"Ich habe diese H√ºlle schon 2 mal bestellt. Ich finde die Farbe gut, die Verarbeitung ist auch gut. An sich eine super H√ºlle, da man vorne auch noch Schutz hat. Die H√ºlle geht √ºber den Fingersensor und oben √ºber die Ecken. Dazu kommt dann noch die Folie, die ich nie benutzt habe, da ich eine andere auf dem Handy hatte. Leider sind mir bei beiden H√ºllen die Klick-Verbindungen abgebrochen. Ein Teil habe ich sogar verloren. Beide H√ºllen haben ca. 3 Monate gehalten. Schade drum... Dennoch werde ich sie wieder bestellen, da sie mir farblich so gut gef√§llt.",4
141379,Geschmacklich perfekt aber f√ºr mich pers√∂nlich etwas zu mild,4
147747,"Die Shisha ist sehr gut und weiter zu empfehlen. Gute Qualit√§t. Preis/Leistung Top! Leider fehlten bei der Shisha ein paar Teile, deswegen nur 4 Sterne. Der Verk√§ufer schickte jedoch schnell und problemlos die fehlenden Teile.",4
144727,Habe zum ersten Mal diesen Caf√© bestellt und bin begeistert. Hat einen leichten Karamellgeschmack. Nachteil - der Preis.,4
136619,"Ich habe das jetzt schon eine Weile gekauft und es hat keine Probleme. Es ist gut, ich bin froh, dass ich es gekauft habe. Ich benutze es, um zwischen meinen Computern hin und her zu wechseln. Ich habe eine drahtlose Tastatur / Maus-Kombination in einem Steckplatz und einem anderen Drucker. Diese Einstellung ist gut und es gibt kein Problem.",4
140855,"Produkt ist gut, aber trotz Prime und garantiertem Lieferdatum ist die Ware erst einen Tag danach geliefert worden. Kommt in letzter mit DHL √∂fter vor! Daher nur 4 Sterne.",4
128778,"An sich ein toller Regenschutz und passgenau zu unserem Bollerwagen. Er macht das ganze super gem√ºtlich, muss nur erst einmal eine Weile ausl√ºften. Leider ist uns direkt beim verschlie√üen der Reissverschl√ºsse eine Naht gerissen - Fuxtec hat sich jedoch in der Kommunikation viel M√ºhe gegeben und uns einen Preisnachlass bzw. die R√ºcksendung angeboten. Ging daher retour; wir werden ihm aber, sobald wieder verf√ºgbar, neu bestellen.",4
128391,Klappt Einwandfrei. Leicht zu bedienen. Einziges Manko der Deckel wo die Batterie sitzt geht schnell ab. Aber so von preisleistung super,4
148765,Habe mir etwas mehr erhofft f√ºr das Geld. Sie ist ja sch√∂n gestaltet und verarbeitet. Das Motiv ist sch√∂n und passt gut zu dem Anlass.Aber ehrlich gesagt finde ich 7‚Ç¨ daf√ºr zu teuer. Ein Fehler habe ich gemacht. Habe nicht auf die Gr√∂sse geschaut. Sie ist sehr klein.,4
150547,Preis-/ Leistung...na ja. Ich wollte aber einen kleinen Wecker der mir im Schlafzimmer die Zeit anzeigt und nicht den halben Raum erleuchtet. Insgesamt bin ich zufrieden und w√ºrde ihn mir wieder kaufen.,4
124668,"Lieferung war schnell.... Tut was er verspricht. Sicher gibt es noch bessere aber f√ºr den Preis absolut ok. Hochwertig verarbeitet. Massiert, w√§rmt mit Abschaltautomatik.",4
137341,"Im Gro√üen und ganzen ok, die Sachen sind zu klein viel zu klein",4
137402,Tut was es soll. Nicht mehr nicht weniger. Preis/Leistung is auf jeden Fall ok.,4
155376,"Toller Teppich, die Tiere kommen toll raus. Hatte mir die Farben etwas intensiver vorgestellt. Es ist empfehlenswert wegen dem Geruch den Teppich 1-2 Wochen vor Einsatz zu bestellen. W√ºrde diesen aber auf jeden Fall wieder kaufen",4
120130,"Sieht sehr sch√∂n aus,Lieferung erfolgte superschnell.Danke",4
131492,"In die Tasche passt mein iPad mit d√ºnnem Smartcover-Case, aber auch das iPad mitsamt Logitech Smart Keyboard Slim Combo. Dazu muss man anfangs ein bisschen Quetschen und den Stift habe ich dann in einem separaten T√§schchen, das ich um das Adore June Case spanne, aber es passt wunderbar hinein. Ansonsten h√§lt der Stift sehr gut und die Kappe geht auch nicht verloren. Insgesamt sehr zu empfehlen, wenn man eine Soft-H√ºlle sucht. Der Preis k√∂nnte angesichts der Konkurrenz etwas geringer sein.",4
159639,Kleidergr√∂√üe hat gepasst. Jedoch das K√∂rbchen ist zu klein. Deshalb kann ich es nicht tragen. Sonst w√§re es sehr sch√∂n gewesen.,4
138131,Super Klingel f√ºr das Geld,4
131197,Sch√∂nes Malbuch. Allerdings sehr detaillierte Bilder und f√ºr meine Tochter (4) nicht einfach auszumalen.,4
120335,"Ein Film den man gucken kann, aber auch nicht unbedingt muss. Mir pers√∂nlich hat er gefallen. Im Angebot gekauft und f√ºr das Geld war es v√∂llig ok.",4
129935,"Das Produkt ist etwas instabil, aber sehr empfehlenswert. Die Klammern halten die Klamotten realtiv gut und man kann mehrere Sachen √ºbereinander h√§ngen. Platzersparnis ist total super. W√ºrde es nochmal kaufen!",4
136014,"Qualit√§t, schnell war sie da und macht richtig Spa√ü",4
123297,Ich habe mir den Roboter auf Empfehlung eines Freundes angeschafft. Er ist jetzt schon einige Zeit in Einsatz und verrichtet seine Arbeit sehr gut. Durch die M√∂glichkeit der Appverbindung eine super Sache um ab und an mal den Roboter zu beobachten. Mit normalem Hausstaub und Haare kommt er gut zurecht. Bei Bl√§ttern von Zimmerpflanzen blockiert er dann doch gerne und gibt eine Fehlermeldung. Im gro√üen und ganzen macht er einen guten Eindruck und ich w√ºrde ihn wieder kaufen.,4
155661,guter Ton f√ºr kleine Flachbildschirme und kleine R√§ume,4
125507,"Okay Leicht, glatt und stabil - Wolle ruscht gut beim stricken",4
138976,Das Produkt kam schnell und z√ºgig an. Gut verpackt. Habe mich f√ºr Vanilleduft Paket entscheiden. Viele Duft√∂le sind aufdringlich und riechen sehr stark. Dieses Set riecht f√ºr mich in Ordnung Mandarine und Waldfr√ºchte h√§tten besser sein k√∂nnen. Riechen frisch. Wer dezent mag ist mit dieses Set richtig,4
140632,"Meine onboard Sound Karte ist so schlecht dass die Mikro Aufnahme extrem schlecht und leise aufnimmt. Schlecht weil es ein Rauschen gab und leise weil man das Mikro in den Mund nehmen musste um irgendwas bisschen zu h√∂ren. Mit dieser Soundkarte l√§uft es super. Kein Rauschen und das Mikro ""h√∂rt"" auch alles super, obwohl es kein Headset Mikro ist. Eins was zu bem√§ngeln w√§re ist tats√§chlich dass der USB Stecker nicht fest sitzt aber OK.. st√∂rt mich nicht weil es die Funktion nicht beeinflusst. In einer USB Verl√§ngerung sitzt der besser weil dort die Buchse enger ist. Also wenn es jmd. st√∂rt dann so. W√§re nat√ºrlich cool wenn so etwas mitgeliefert w√§re um auch nicht gleich 2 USB Ports am Rechner zu blockieren. Daher 4 von 5.",4
147442,"Der Stecker erf√ºllt absolut seinen Zweck. Preis-Leistung ist v√∂llig in Ordnung. Wer gern in den USA Urlaub macht, ist mit diesem Stecker recht gut beraten.",4
130874,"Einfacher aber qualitativer guter Trolley, rollt gut und stabil. Mal sehen wie lange der Rei√üverschluss zuverl√§ssig funktioniert. Erwartungen bisher erf√ºllt und die 1. Reise gut gemeistert.",4
139913,"Alles bestens, hab meistens Stufe 1 laufen, ab Stufe 2 wirds dann schon deutlich lauter, nat√ºrlich mit mehr Gebl√§se, insgesamt gibt es ja 6 Stufen, die hab ich aber noch nicht getestet. Der Nachtmodus funktioniert nicht richtig, das hab ich aber schon vorher in den Bewertungen gelesen, dennoch h√§tte ich mir gew√ºnscht, dass auch der Hersteller dies liest und entsprechend handelt, ist aber scheinbar nix passiert. Ich bin zufrieden, und hoffe dass das Ger√§t auch die n√§chsten Jahre seinen Dienst erf√ºllt, im Gegensatz zu dem Modell dass ich vorher hatte (im 3. Sommer einfach nicht mehr angesprungen).",4
126197,st√∂rt √ºberhaupt nicht unter der Kleidung und mann f√ºhlt sich gut eingepackt auch √ºber Stunden ein angenehmes Tragegef√ºhl. Besten dank,4
141460,Die H√ºlle passt perfekt an das s9 wackelt nicht und hat kein Spiel. Von der Folie war ich anfangs erst entt√§uscht da sie das schreiben nur mit kr√§ftigem dr√ºcken ging. Habe nun im Men√º des Handys gew√§hlt Empfindlichkeit erh√∂hen jetzt sie top,4
151287,"Meine Kleine (13 Monate)Schafft es das alle B√§ndchen und somit die Umrandung nach unten rutscht aber f√ºr den Zweck das der Kopf am Gitterbett nicht gesto√üen wird,erf√ºllt es seinen Zweck!",4
144299,"Die Decke ist wie auf dem Bild und wie in der Beschreibung. Nachteil ist das der klettverschluss sich beim aufmachen gel√∂st hat, l√§sst sich aber wider dran kleben oder n√§hen",4
152763,Ich hatte mir ein Handtuch bestellt und mein Sohn war so begeistert das wir ihm auch eins bestellt haben. Sehr sch√∂nes Handtuch,4
148564,"Da ich derzeit meine Rezeptsammlung erweitere, Suche ich regelm√§√üig nach tollen B√ºchern mit leckeren Rezepten. Diese sind einfach und lecker.",4
122279,"F√ºr den Preis absolut in Ordnung, benutze das jetzt schon seit √ºber einem Jahr, funktioniert immer noch top",4
133981,"An sich ein sch√∂ner Grinder, der auch gut verarbeitet worden ist. Manko weswegen er zur√ºckgeht: Leider sind meiner Meinung nach die L√∂cher viel zu gro√ü.",4
140536,"Die Havaianas sehen aus wie auf dem Foto und passen gut. Sie sitzen bei mir aber etwas locker, da sind etwas zu weit geschnitten sind. Ich habe normalerweise Schuhgr√∂√üe 39/40. Wie in der Produktbeschreibung beschrieben werden die Havaianas in brasilianischer Gr√∂√üe 39/40 geliefert und passen mir deswegen perfekt. Eins l√§sst sich bez√ºglich der Gr√∂√üenwahl aber noch sagen. Man sollte sich nicht an der EU-Gr√∂√üe orientieren, sondern an der brasilianischen.",4
120299,"Der Artikel ist wie beschrieben handlich und kompakt. Habe es gleich getestet,ist dicht und funktioniert so wie es sein soll.",4
120440,"Strumpfhose ist etwas klein, musste sehr viel ziehen damit sie passte. Bei einer Gr√∂√üe √ºber 1,70 m, denke ich wird es schwierig.",4
136634,Nostalgie pur aber Speicher ein Witz,4
138637,"Genau wie ich erwartet hatte ist super f√ºr sein Preis,Verarbeitung ist gut . Er macht was er soll toasten f√ºr schmales Geld .",4
155686,"Das Kissen tut was es soll, es gibt halt. Die F√ºllung ist fest genug um einen stabilen Sitz zu erm√∂glichen ohne zu hart zu sein.",4
130060,Schnelle Lieferung. Gutes Preis-Leistungsverh√§ltnis. Haltbarkeit muss sich im Laufe der Zeit noch zeigen.,4
154537,Machen eine soliden Eindruck. Ich finde sie gut geeignet f√ºr Anf√§nger oder Fortgeschrittene die es nicht so heftig m√∂gen an den Nippeln. Man kann die Klemmen in ihrer Intensit√§t einstellen. Mir sind sie ein bisschen zu lasch.,4
158117,"Verbaut in einem VW Lupo Lieferungüëç, Verpackung üëç, Es sieht nicht billig aus riecht nicht passt gut, sieht sch√∂n aus und ist griffig . Ich kann es empfehlen.",4
130784,"F√ºr den Preis ist es top, leicht sieht gut aus und erf√ºllt seinen Zweck, Messer und Kabel funktionieren fast wie richtiges Besteck, man muss eben bedenken es ist Plastik. Aber f√ºrs Camping optimal.",4
143442,"Sehr stabil. W√§re ideal beim Fliegen. Durch das hohe Eigengewicht kann nur wenig mit genommen werden, au√üer man zahlt √úbergep√§ck (bis 25,00‚Ç¨ je kg)",4
124522,"Einige Haken haben etwas harte Kanten,sie erf√ºllen aber ihren Zweck und ich kann sie weiterempfehlen. Sind preiswert und stabil.",4
158467,"Ich habe ein Pumpe gebraucht, da ich regelm√§ssig eine gro√üe Luftmatratze aufpumpen muss. Durch die Pumpe spare ich viel Zeit und es ist viel einfacher mit dem passenden Aufsatz. Ich kann es jedem empfehlen, der viele Sachen aufpumpen muss.",4
151715,"Tolle Starbesetzung, sehr unterhaltsam und auch spannend. Allerdings einen Punkt Abzug, da manche Details nicht so authentisch r√ºbergebracht werden sowie eine Szene den Anschein hat, kleine √Ñnderung im Drehbuch nicht ins letzte Detail umgeschrieben zu haben.",4
125100,"Ich nehme diese Tabletten jetzt schon seit knapp 2 Monaten. Habe √∂fter Kopfschmerzen. Kann aber nicht 100%ig sagen, ob es nun an den Tabletten liegt oder sonstiges. Sprich Wetter, Stress oder Erk√§ltung. Ware kam super verpackt an und die Tabletten passen auch super durch den Schlitz",4
140771,Die Vorlage sollte gr√∂√üer sein war echt schwierig es zu definieren und dann zusammen zu kleben,4
155054,"Also optisch echt sehr h√ºbsch und auch wertig,aber die Lautst√§rke ist schon enorm f√ºr so einen kleinen L√ºfter.Schlafen k√∂nnte ich damit wohl eher nicht.Aber die Brise ist trotzdem ok .Entsprechend eines kleinen Tischventilators w√ºrde ich sagen .Deshalb die 4 Sterne.",4
6468,"Leider sind die Noten nicht nutzbar, da die un√ºbliche Stimmung verwendet wird. Der Theorieteil f√§llt eher knapp aus. Das Buch werde ich wieder zur√ºck senden.",1
14064,"Habe es im Kindle eingegeben, aber da kam kein Treffer. Der Titel kam mir gleich unbekannt vor. Sicher liegt hier ein irrtum vor.",1
20862,Figuren sind unvollst√§ndig und falsch bemalt. Das Gesicht ist teilweise gar nicht oder falsch bemalt.,1
35994,"Das Buch ist eine reine Zumutung und verdient nicht wirklich diesen Namen. Es ist voller Rechtschreibfehler, die das Verstehen sehr erschweren. Es scheint als sei es automatisiert aus einer anderen Sprache √ºbersetzt. Druck und Layout sind billig und lieblos. Wie ein Worddokument. Zum Inhalt. Sicherlich sind einige hilfreiche Tipps und Sprachbefehle enthalten. Aber aufgrund der etlichen Rechtschreibfehler weiss man nie, ob die Bezeichnungen alle korrekt sind. Ein sehr anstrengendes Buch. Ich kann die ganzen positiven Bewertungen nicht nachvollziehen.",1
27746,"Das Handy sieht super aus und ist auch in der Anwendung logisch aufgebaut. Nach 6 Wochen lie√ü sich das Akku nicht mehr aufladen. Direkt nach der angebotenen R√ºckgabefrist ging es nicht mehr. Daraufhin habe ich Kontakt mit dem Verk√§ufer aufgenommen, der mir dann zusicherte, wenn ich 5 Sterne bewerte, dass er dann erstattet. Dies hat er auch. Daf√ºr gibts den einen Stern von mir.",1
37654,"ich hab die Folie jetz 1 Woche drauf, und hatte schon am 2. Tag zwei Becker am Rand wo die Folie zersprungen ist.. nun nach einer Woche sieht die Folie Bescheiden aus... das einzig gute ist, das es sich um 6 Stk handelt... im nachhinein logisch, was will man f√ºr 6 Stk. Folien f√ºr 7‚Ç¨ erwarten? Schade, das n√§chste mal kaufe ich mir wieder eine bessere Folie - die letzte hielt √ºber ein Jahr..",1
15250,"Richtiger M√ºll und eine Frechheit sondergleichen dieses Ding zu verkaufen, Finger weg",1
18387,der Schuh ist zu klein und die Sohle und an der Seite zu hart. Ist schon beim anziehen unangenehm,1
28565,Nicht empfehlenswert. Bin das 1 mal ins Rote Meer gesprungen mit der Maske. Dicht war sie. Nach dem dann die erste Welle kam hat die Maske beide Richtungen der Atemwege versperrt. F√ºr n Pool ok f√ºr das Meer ungeeignet.,1
29449,"Ich habe mir diese Klatsche gekauft, weil ich die Fliegen meist am Fenster erwische und dann die Scheiben verschmiert sind. Von einer elektrischen Klatsche erwarte ich eine rasche und saubere T√∂tung des l√§stigen Insekts. Aber: Das Ding macht zwar einen riesen Knall, so dass man meinen k√∂nnte, eine Kuh damit t√∂ten zu k√∂nnen. Merkw√ºrdiger Weise fliegen die Insekten jedoch weiter. Das kann nicht Sinn der Sache sein. Ich habe daraufhin die Fliegenklatsche nochmals aufgeladen, in der Meinung, dass der Akku vielleicht nicht ganz voll gewesen sei. Aber auch nach nochmaligem Aufladen kann ich mit diesem Ding die Fliegen nicht t√∂ten. Es knallt zwar, aber sie fliegen einfach weiter. M√∂glicherweise w√ºrden sie nach einiger Zeit sterben, keine Ahnung. Ich hab jedenfalls dann die gute alte Fliegenklatsche genommen und die Sache war rasch erledigt. Eigentlich will ich auch nicht, dass die Tiere eventuell eine ganze Weile leiden m√ºssen, ehe sie sterben, auch wenn es ""nur"" l√§stige Fliegen sind. Also: return to sender!",1
32921,"Wahnsinnig √∂lig! Nicht F√ºr Gesicht geeignet. Sehr guter Duft, aber danach hat man eher das Gef√ºhl voller √ñl zu sein. Eher unangenehm. Schade.",1
33703,"Anfangs k√∂nnte man die handpratzen noch sehr gut zum Trainieren benutzen aber nach 3 Trainingseinheiten sind die N√§hte und Faden aufgegangen,das F√ºllmaterial ist kein gutes. Ich kann diese Pratzen eher schw√§chere Kinder empfehlen die mit dem Boxen anfangen",1
17740,"Unterteil passt nicht mit Oberteil zusammen, deshalb auf den Schrott. Keine Befestigung? Verbleibende L√∂cher bleiben sichtbar. Verbindungsteile auf einer Seite sichtbar, auf der anderen Seite nicht. Schlampig gebohrte Bohrungen lassen keinen sauberen Zusammenbau zu. Billige Umleimer. Wenn IKEA sowas liefern w√ºrde, w√§ren die heute Pleite. Fazit: Nie mehr.",1
32096,Nie nie wieder!!!!! Das geht zur√ºck :-( sowas traut man sich nicht als Geschenk f√ºr Einschulung anzubieten,1
33990,"Blinker sind durch geschmort, warum ?",1
2880,"Bei der Bestellung von 3 Kopfh√∂rern: Die Auflagen f√ºr die Ohren gehen sehr leicht ab (wenn sie nicht am Kopf anliegen) und bei einem ist eine Halterung der Auflage abgebrochen und scheppert im Geh√§use. Der Klang w√§re OK, aber in Summe nicht verwendbar.",1
34605,Lt. Beschreibung sollte ein Sat Receiver verbaut sein. War leider nicht drin. Verk√§ufer bietet trotzdem keinen Preisnachlass an. Da es ein Geschenk war habe ich eine R√ºckgabe ausgeschlossen.,1
18357,Ware im Februar gekauft bis heute nicht angekommen und auch keine Reaktion,1
36068,"Leider defekt, ging zur√ºck. Wir hatten keine Freude daran. Funktionierte nicht und wurde gleich wieder zur√ºck gesendet. War sehr schade.",1
4829,"schlechte Qualit√§t zu hart , zu sauer , zu trocken , nicht gut",1
39208,Teile fehlten. Zusammenbau war nicht m√∂glich. Ventilator wirkte gebraucht. Hersteller Klarstein war schwer zu erreichen.,1
18947,"Ende Juni bestellt und im Dezember sieht die Beschichtung bereit so aus (s. Foto)... Ich habe Zuhause einige Tefalpfannen, aber so eine schlechte Qualit√§t hatte ich noch nie bekommen.",1
36291,Absolut schlecht und extrem billig,1
19947,Leider nicht geliefert worden im angegebenen Zeitraum,1
543,"Leider wurde der Schuh, nachdem ich ihn ein paar Mal getragen habe, undicht. Seitdem habe ich jedes Mal, wenn es regnet, nasse F√º√üe. Bl√∂d, weil die Schuhe f√ºr die kalten Jahreszeiten gekauft wurden, in denen es halt auch mal regnet. Geld, das ich besser in einen anderen Schuh investiert h√§tte. Schade!",1
4108,"Das Paket kam schnell bei uns an. Allerdings √§u√üerst besch√§digt und ohne Umverpackung. Es war schon zu diesem Zeitpunkt ersichtlich, dass das Produkt nicht zum ersten Mal verschickt wurde. Beim auspacken klebten Teile des Produktes an der Verpackungsfolie. √úberall war geschmolzener Zucker am Ger√§t! Es ging sofort zur√ºck! Aber auch der R√ºckversand musste erst beim Verk√§ufer beantragt werden und das Etikett f√ºr die R√ºcksendung ist zu unserem Erstaunen nicht bezahlt. (Also ohne Strichcode.) Falls das Ger√§t vom Verk√§ufer nicht per Post angenommen wird, werde ich den Verk√§ufer bei Amazon melden. Ein solches Produkt in so einem Zustand zu erhalten, ist eine absolute Unversch√§mtheit!",1
2740,"!!! Achtung !!! Finger Weg ! Am Anfang wird eine Meldung erscheinen, dass es sich um kein Originalteile handelt ( ist ja klar ). Danach muss man das Handy Neustarten, danach geht es. Beim 3 Gebrauch funktioniert schon das laden und Kopfh√∂rer nicht mehr gleichzeitig! Laden geht aber Kopfh√∂rer verlieren st√§ndig die Verbindung und der Ton wird dennoch √ºbers Handy angespielt. Teil hat auch oft Wackelkontakt !!! Wer das Geld in Sand setzen m√∂chte, die k√∂nnen zugreifen :)",1
16742,"Ich habe das Panzerglas f√ºr mein Samsung galaxy S8 gekauft. Nachdem ich bereits schlechte Erfahrungen mit einem Panzerglas f√ºr das S8 gemacht habe, das pl√∂tzlich nicht mehr klebte, habe ich meine Hoffnung nun in dieses Panzerglas gelegt....und wurde arg entt√§uscht. Auf den ersten Blick sehen die Panzergl√§ser gut verarbeitet aus, was mir jedoch sofort ins Auge fiel war der nur d√ºnne Kleberand an den Seiten, wie auch schon beim Vorg√§nger einer anderen Marke. Ich habe das Panzerglas also angebracht und vorsichtig festgedr√ºckt und schon nach etwa 5 Sekunden l√∂sten sich die Ecken vom Display, sp√§ter auch Teile der Kanten. Ich habe den Schutz immer wieder festgedr√ºckt, er wollte aber dennoch nicht halten. Beim Anlegen einer Silikonh√ºlle hat es sich dann vollst√§ndig gel√∂st. Sehr entt√§uschend!!üò†",1
31332,"Achtung! Die Pumpe ist relativ schwach und eignet sich ggf. F√ºr Luftmatratzen, Schwimmtiere etc.. unser Paddelboot jedenfalls hat sie nicht aufpumpen k√∂nnen, da die Pumpe irgendwann nicht mehr gegen den Innendruck des Bootes ankam.",1
35172,Hat gerade mal ein Jahr gebrannt. Unsere erste Gl√ºhlampe im K√ºhlschrank brannte 6 Jahre.,1
36402,Produckt heute erhalten und kann leider nur von abraten dies zu kaufen f√ºr denn Preis seher enteuscht schlechte Verarbeitung hatte besseres erwarten bin sehr enteuscht w√ºrde lieber nicht mal einen Stern geben,1
26723,Es ging bei mir nun schon zweimal nach kurzer Zeit kaputt. Kann jemand eine gute Alternative empfehlen?,1
26,sie toll aus wenn man es benutzt aber kommt Wasch Strasse oder Regen aus und vorbei mit den verschwunden Kratzern.,1
8401,Kein original Pandora Anh√§nger. Nach dem mein Anh√§nger zerbrochen ist wollte ich ihn mir im pandora store ersetzen lassen. Und dort wurde mir gesagt das es sich um eine F√§lschung handelt. Nie wieder... Dann bleibe ich lieber meinem Store treu und wei√ü was ich hab.,1
30436,Wenn ich k√∂nnte w√ºrde ich gar keinen Stern geben!!! So eine Frechheit!!!! Kann man doch keinem anbieten!!!,1
15168,"Die H√§lfte ist bereits zerkratzt vor dem Auspacken, 2 Bilder f√ºr Vorder und R√ºckseite passen nicht rein. Geht schwer zu schlie√üen und sicher ob es h√§lt bin ich mir auch nicht. Zudem muss man die √ñffnung pfeilen, da sie sonst nicht zu gehen weil immer Plaste absteht. W√ºrde es nicht weiterempfehlen",1
25405,"So weit okay, allerdings mag man sie nach zwei mal waschen nicht mehr tragen, da der Stoff sich dann aufreibt. N√§hte halten auch nicht.",1
31839,"Leider die Verpackung war nicht wie in Amazon dargestellt. Ob es √ºber originale Akku handelt, bin ich nicht sicher",1
37419,Das Sportarmband kam leider nie an. Auf mehrmalige Kontaktversuche reagierte der Verk√§ufer nicht. Geld habe ich auch nicht zur√ºckbekommen.,1
13665,"Die Sektgl√§ser sowie die Gravur verdienen 5 Sterne,aber die versproche Lieferzeit wurde nicht eingehalten...",1
38631,Waschmittel ist nicht wie erwartet...W√§sche wird nicht sauber und richt gleich null...bin sehr entt√§uscht,1
12671,"ACHTUNG: Diese Firma hat sich von Amazon abgemeldet! Ich habe meinen Siegelstempel NICHT MEHR erhalten aber immer Emails vom Hersteller, ich solle das Logo ihnen per Computer und nicht per Smartphone zusenden. Da aber alles √ºber Amazon geht, die Firma aber sich von Amazon abgemeldet hat, werden aber auch die Emails und somit eure Daten nicht an die Firma √ºbermittelt. Es w√§re von Amazon fair diesen Artikel zu l√∂schen - wenn die Firma auch nicht mehr mit Amazon zusammenarbeitet! Gutschrift zwar erhalten aber das Geld ist seit √ºber einer Woche nicht auf meinem Konto zur√ºck √ºberweisen worden. NICHT EMPFEHLENSWERT!!!",1
27630,"Fahne bis heute nicht erhalten, keine R√ºckmeldung vom Verk√§ufer. Fahne Anfang Juni bestellt und keine Ware eingetroffen. Bin gespannt, ob Ware auf Grund der Bewertung noch eintrifft.",1
10922,Habe mir diese Handschuhe gekauft weil ich mir gedacht habe sie halten die Hitze eines Grills aus. Tja falsch gedacht...... Hab sie am Wochenende benutzt und sie schauen aus als h√§tte ich sie schon 2-3 Monate in Verwendung. Es wurde damit nur die Form mit den Spare Ribs vom Grill in die K√ºche getragen und die Spie√üe am Grill gewendet. Die Hitze geht sehr schnell durch den Handschuh. Hatte nachdem ich die Spare Ribs in die K√ºche getragen habe (vom Balkon in die Wohnung) rote finger weil die Hitze so durch den Handschuh ging. Beim wenden der Spie√üe (6 St√ºck) musste ich kurz mal aufh√∂ren weil es mir zu hei√ü wurde. Selbst meine IKEA Topflappen halten mehr Hitze aus als diese Handschuhe......... Anbei das Foto nachdem ich fertig war mit dem Grillen.,1
4135,Seit dem letzten Update funktioniert das Koppeln √ºber bluetooth nicht mehr bzw. geht schon aber nur: zur√ºckstellen auf Werkeinstellung danach geht das koppeln und nach dem aus/einschalten nicht mehr m√∂glich !!!! Vorher war es schon sehr umst√§ndlich und nun totaler Schrott.,1
1005,"Schon bei der ersten testweisen Nutzung ist das Produkt in seine Bestandteile zerfallen. Die Verpackung in der das Produkt angeliefert wurde, war f√ºr eine R√ºcksendung nicht zu gebrauchen, besonders wenn das Produkt in seine Einzelteile zerf√§llt. Die ganzen M√ºhen f√ºr die R√ºcksendung wollte ich mir auch nicht zumuten, solche Kleinteile werde ich in Zukunft ausschlie√ülich im station√§ren Handel einkaufen.",1
28178,Funktioniert nach zwei Wochen nur noch einseitig,1
6973,Habe ein Teil mit einer Macke/Defekt bekommen. Habe auch ein Bild zugef√ºgt bis jetzt keine Antwort bekommen.,1
11121,Der Laser ist ausgefallen Ware nicht gut. schade,1
15716,"Die Haube machte auf den ersten Blick einen soliden Eindruck. Passt auch genau. Leider hat sie nach wenigen Wochen Nutzung die komplette schwarze Farbe verloren. Es sieht einfach nur noch grau und schmutzig aus. F√ºr ein Produkt welches f√ºr den Au√üenbereich gemacht ist, erwarte ich etwas mehr Farbechtheit. Mal sehen was der Hersteller sagt? Auf dem 2, Foto sieht man die Originalfarbe von der R√ºckseite!",1
3889,Wie soll ich was bewerten wenn ich das noch nicht mal bei mir habe oder wenn es mal geliefert wird ich warte schon seit 6 tagen drauf bis meine Ware ankommt,1
12858,"Die LED Lampfe funktioniert nicht , wird zur√ºck geschickt",1
21575,"Nette Idee, jedoch nach dem Sch√§rfen gro√üe Scharten im Messer. Nicht zu gebrauchen.",1
36406,"Die Pfanne ist Schrott, schon nach dem einbrennen total verzogen, hab mehrere Eisenpfannen im Einsatz doch so hat sich noch keine verzogen, w√ºrde mir die Pfanne nicht mehr kaufen.",1
11846,"Viel Gerede um nichts. Teils verwirrend. Musste √∂fters nachlesen um den Faden wieder aufzunehmen. Handelnde Figuren langweilig, man merkt,dass die Autorin versucht originell zu sein.",1
20919,Das einzig Positive an diesem Produkt ist der angenehme Geruch. Leider br√§unt es kaum und verursacht Hautunreinheiten da es die Poren verstopft. Sehr schade f√ºr den Preis.,1
7807,Die Lieferant hat falsche Produkt zu mir geschickt deswegen keine Bewertung kann ich gehen,1
1963,Wer Probleme mit dem Schnarchen hat kennt das sicher. Man sucht permanent Mittel die helfen k√∂nnten. Dieses Produkt ist aus meiner Sicht ein Reinfall. Ich Zweifel ob die andere Bewertungen korrekt sind. Daher hei√üt es weiter suchen.... da dieses Produkt leider nicht geholfen hat,1
8068,Lieferung ist bis jetzt immer noch nicht angekommen. 3 Wochen nach ablaufdatum. So etwas nervt. Ich bestelle dort nicht mehr,1
13805,"trotz gutem Reisef√ºhrer nur bedingt durch fehlende Aktualit√§t. Wollten die √∂ffentlichen Verkehrsmittel nutzen, aber die Linien laut Plan gab es nicht mehr oder fuhren eine andere Route",1
18976,Ware ist leider nie angekommen h√§tte gerne eine R√ºckerstattung,1
27257,"Die Tasche hat sich oben gleich aufgetrennt, so dass sie neu vern√§ht werden musste. Poor quality",1
11104,Absoluter Schrott. Schlie√ümechanismus √∂ffnet und schlie√üt nach dem ersten klingen wechsel bereits nichtmehr. Wie in anderen bewertungen zu lesen kein einzelfall sondern einfach schlechte qualit√§t. Auf keinen fall kaufen,1
29635,"Nach dem √ñffnen des Deckels roch es ranzig und alt. War eine Monat vor Ablauf des MDH. So eine Info geh√∂rt in die Artikelbeschreibung. In der Regel kostet dieses Produkt 9,90 ‚Ç¨ ... Daher auch wohl der g√ºnstige Preis",1
83787,Die sprach Steuerung ist manchmal nicht so gut. Ansonsten ganz ok f√ºr ein Roboter dieser Preisklasse.,3
107394,"Nee, das war nix. 1 IKEA Schrank und dann war Schluss. Akku ist sehr schlecht",3
119023,Nichts zu meckern aber auch nix besonderes...,3
115646,"Die Ware kam gut verpackt an, alles war gut erkl√§rt und die Montage war, sofern man das schon mal gemacht hat, nicht weiter schwer. Man musste nur sehr genau aufpassen dass man genau in der Mitte war. Leider ist die Folie ein wenig zu schmal. Ich finde die k√∂nnte durchaus 1-2mm breiter sein, dass sie auch ein wenig √ºber den beleuchteten Teil des Bildschirms √ºbersteht. Als ich die Folie montiert hatte, fiel mir auf dass die Fingerabdr√ºcke bzw Wischer doch leicht zu sehen sind. Ich hatte mir das eigentlich anders erhofft. Bei √§lteren Smartphones die ich besessen habe, hab ich andere Folien genutzt bei denen √ºberhaupt keine Fingerabdr√ºcke zu sehen waren. Nach ca 1 Stunde hob sich in einer Ecke die Folie an, man sah dass Luft darunter geraten war, ich fand keine M√∂glichkeit dass die Folie wieder direkt ans Display ging. Somit wollte ich die Folie wieder abziehen und erneut montieren, mit der Hoffnung dass sie danach wieder komplett aufliegen w√ºrde. Beim Abziehen brach dann die Folie wie eine Glasscheibe. Nun gut, eine schon kaputt. Die zweite genommen, die passt bis jetzt perfekt. Mal sehen wie sich das auf l√§ngere Zeit entwickelt. Bin nicht ganz zufrieden jedenfalls.",3
115171,"Produkt kam sehr schnell an, aber leider ist die Dose zerkratzt- eher unsch√∂n zum verschenken",3
104384,"Sitzt ganz gut und h√§lt auch, allerdings steht sie offenbar so auf Spannung dass sie auch ohne Sturz, durch etwas Druck (zb Handy in der vorderen Hosentasche, man setzt sich) schnell einrei√üt.",3
95389,Also die Montage war nicht so einfach und es waren leider 2 Plastik Teile kaputt. Und ich h√§tte gerne Ersatz bitte melden sie sich doch bitte bei mir. Danke Wilfried Becker,3
105667,Tolle Schauspieler Story.... Naja...,3
108393,"Aussehen gut, Handling ok, Sound eher so lala. W√ºrde ich nicht empfehlen. Habe derzeit Canbor im Einsatz, zu 300% besserer Sound.",3
107849,Balken die auf der Wand kleben fallen ab und zu herunter. Bisschen mit Kleber nachhelfen. Ansonsten top! Funktioniert seit fast 3 Jahren.,3
101944,"Der Aufbau dieses Unterschranks ist alleine und ohne Akkuschrauber oder viel Kraft eine Tortur. Man muss Schrauben unmittelbar neben den F√º√üen oder aber Wandplatten reindrehen, wo absolut kein Platz f√ºr die Hand ist, was das Drehen und den Kraftaufbau erschwert. Davon abgesehen scheint der Unterschrank recht stabil und zweckm√§√üig. Er war gut verpackt und kam unbesch√§digt an.",3
118027,"ich w√ºrde mit w√ºnschen,dass die Dinger stabiler und l√§nger sind.Die Autos werden nicht wirklich auf Abstand gehalten.Es m√ºsste richtig eine Spitze sichtbar sein,die einen Kratzer im PKW verursachen k√∂nnte .",3
91302,"bei der 3. Lieferung war alles in Ordnung und funktioniert. Die Reklamationen wurden schnell und problemlos bearbeitet. Die Programmierung ist nicht ganz einfach, da alles nur mit einem Knopf gemacht wird. Was man erst messen muss (keine Erkl√§rung), hier handelt es sich um einen potentialfreien Wechsler. Die eingezeichnete Br√ºcke muss von au√üen gemacht werden, wenn man Lampen(Last) schalten will. Es sind auch keine gr√∂√üeren Leistungen schaltbar, da w√ºrden schon die Leitungen nicht ins Geh√§use passen. Chinesische Leichtbauweise, erf√ºllt aber seinen Zweck.",3
117890,Wir haben 3 davon gekauft und alle laufen aus der Luftzufuhr Reglung. Hat jemand eine Idee warum?,3
111706,Die Shisha kam sehr schnell und ist auch vom Material sehr hochwertig! Allerdings und das ist sehr schade wurde mir das Paket ohne Schlauchanschl√ºsse und Totenkopf geschickt.... Mal sehen ob ich die Teile noch nachgesendet bekomme. Bericht folgt... Nachtrag Teile w√§ren laut Kundenservice nicht mehr auf Lager.. Musste deshalb leider die Shisha zur√ºck schicken....,3
81044,Kam sehr schnell an und war auch nichts besch√§digt. Leider habe ich davon einen Ausschlag bekommen.,3
114311,Ich hab schon ein besseres Buch zum Thema gelesen. Hab hier keine neuen Ideen gefunden. Der Autor h√§tte ins Lektorat investieren sollen. Mich nerven Grammatikfehler. Fazit: Billigprodukt/ Kopie,3
112078,Billig verarbeitet aber reicht aus um die Puppe zu Baden.,3
89969,"Akkuleistung 15 Minuten, Akkuwechsel nervt - kleines Schr√§ubchen mu√ü gel√∂st werden, ist echt ein gefriemel",3
81532,"Treiberinstallation usw. gut, Ger√§t bzw. Trafo brummt etwas. Leider schaltet er nach Einschalten oder beim Umschalten zwischen Kopfh√∂rer und Cinch immer auf maximal Pegel. Das macht eine Verwendung als Vorstufe f√ºr Aktiv- Lautsprecher fast unm√∂glich bzw. gef√§hrlich (f√ºr die Lautsprecher und die Kopfh√∂rer). Ich √ºberlege noch eine R√ºcksendung.",3
109392,"die Qualit√§t ist gut, jedoch etwas klein f√ºr M der amazone fahrer gab es bei den nachbarn ab owohl ich ihn die t√ºr auf machte das ist DHL verhalten :(",3
98485,Wie abgebildet. Allerdings sehr grob und wenig geschmeidig.,3
106294,"Ich lerne italienisch seit l√§ngerem schon immer nach und nach, bisher mit reinem Vokabel Training. Trotz dessen war es mir unm√∂glich direkt mit diesem audio Trainer alleine zu lernen, ich stie√ü hier schnell an meine Grenzen. Ich habe versucht auf dem weg zur Arbeit den Kurs durch zu ackern, habe aber relativ schnell √ºberhaupt gar nichts mehr verstanden. Bei einem Blick ins Buch wird dann wieder alles klarer und die Vokabeln werden √ºbersetzt, so da√ü man dann alles versteht, aber nach f√ºr dieses Prinzip habe ich bereits eine gro√üe box mit Lehrbuch, Arbeitsbuch und CD Begleitung, diese Kombination w√ºrde ich auch in Verbindung mit der pons Vokabelbox eher empfehlen. Dieser audio sprachkurs eignet sich gut als Erg√§nzung, ist aber eigentlich nicht notwendig wenn man die von mir erw√§hnten Materialien hat.",3
96606,l√§uft leider nur wenn die Sonne direkt drauf scheint ist ein kleines Blatt was auch nur 1/4 verdeckt l√§uft sie leider nicht,3
113144,Super Produkt. Muss aber leider sagen das 1 von 2 Dosen nicht funktioniert haben. Schade....,3
110686,"Etwas entt√§uschend, aber kann man sich schonmal anschauen",3
105691,Leider nicht f√ºr shellac N√§gel geeignet,3
85307,Passt bei meiner Freundin auf keinen Finger,3
107112,"Auf dem Bild sieht es aus, als h√§tte die Hose mehr Bein und das war es , was ich eigentlich wollte....sonst ist die Hose wahrscheinlich ok. Ich schicke sie zu dem Preis nicht zur√ºck.",3
95572,"Alles in allem sehr einfache Ausf√ºhrung, f√ºr den Preis aber i.O. Trockenzeit mit diesen 1000 Watt nicht, wie erwartet, erheblich k√ºrzer, als mit meiner 600 Watt-Haube. Liegt wohl daran, dass die Haube sehr d√ºnn ist und st√§ndig verrutscht.",3
101463,"Bin von villeroy und boch etwas anderes gewohnt. Hier handelt es sich wohl um 2. Wahl, obwohl es nicht so deklariert ist. Schlechte Glasur, R√ºckseite der Artikel ist rauh und uneben, so dass die Teile nicht √ºbereinander gestellt werden k√∂nnen, da die Oberseiten dann zerkratzen. Sehr schade.",3
82725,Sehr gute Qualit√§t Schnell angekommen,3
108222,Ist ganz ok fuer den Preis .tut seine sache Also sieht gut aus auch stabil Also zu Frieden Danke gerne wieder,3
87568,"Sch√∂ne Uhr, gebrauchsanleitung leider nur nicht in Deutsch wer kann mir sagen wo ich sie bekommen kann. Danke.",3
91090,Nicht schlecht aber auch nicht perfekt ich habe nur gemerkt das man ein bisschen fitter ist als sonst aber auch wieder schneller m√ºde wird.,3
112733,Viel zu klein. Es macht teils einfach nur W√ºrste aus den Haaren...,3
83285,"Das Design mit der Weltkarte+RGB Beleuchtung ist sehr gelungen, das Problem ist das die Helligkeit zu niedrig und auch die Beleuchtung zu schlecht ausgeleuchtet ist. Ein Pluspunkt w√§re auch dass das Mousepad nicht geklebt ist sondern eine Naht besitzt allerdings hat sich die Naht an manchen Stellen leicht gel√∂st. Was die Haltbarkeit veringert und das Design etwas zerst√∂rt. W√§re die Helligkeit und die Ausleuchtung besser k√∂nnte ich 5 Sterne vergeben.",3
84544,"Habe mir diesen Kopfh√∂rer f√ºrs Fernsehen gekauft und stellte fest, dass damit ein sehr guter Empfang des Fernsehtons m√∂glich ist. Leider ist die Belastung des an den Ohren h√§ngenden Kopfh√∂rers f√ºr die Ohren auf Dauer nicht angenehm. Ich habe mich daher zur R√ºckgabe entschieden.",3
111060,"Ich hatte den Eindruck gewonnen, dass die Firma Al-Ko f√ºr gute Technik zum guten Preis steht. So habe ich nach einem Al-Ko Mulchm√§her diesen Al-Ko Vertikutierer gekauft. Das erste Ger√§t hat nach 100 m Vertikutieren in der leichtesten Stufe schon eine Ruhepause ben√∂tigt. Ich habe es reklamiert. Amazon hat schnell reagiert und ein Ersatzger√§t geliefert. Die defekte Erstlieferung ging in der zugesendeten neuen Verpackung zur√ºck. So weit, so gut. Danke an Amazon - vorbildlicher Service. Der zweite Vertikutierer hat die ca. 350 m¬≤ Rasen durchgehalten ... diesmal habe ich vor dem Vertikutierer die Pause gebraucht. Leider verliert der Al-Ko Rasenm√§her seit letztem Winter √ñl (28 Monate alt) und der Al-Ko Fachh√§ndler der ihn kostenpflichtig repariert hat meinte, dass Rasenm√§her in dieser Preisklasse generell all nix taugen. Er hat ihn auch nicht dicht bekommen .... Also: - Der Vertikutierer hat ein Jahr durchgehalten und h√§lt hoffentlich noch l√§nger. - Der Firma Al-Ko begegne ich in Zukunft mit gesunder Skepsis.",3
103555,"Ich kaufte mir den Rucksack f√ºr einen 3w√∂chigen Urlaub. Er war nie mit mehr als 10kg beladen und wurde in der gesamten Zeit vielleicht 5 Stunden geschultert. Er musste allerdings auch 6 Fl√ºge √ºberstehen. Am Ende war von der Tasche oben auf dem Verschluss des Rucksacks eine Naht von 20 cm aufgerissen. Ein paar Dinge gingen dabei verloren. Insgesamt ist der Stoff auch sehr d√ºnn im Vergleich zu einem hochwertigen Backpack. F√ºr meine Bed√ºrfnisse war er ok, zumal er ja wirklich g√ºnstig war. Nochmal kaufen w√ºrde ich ihn aber nicht mehr. F√ºr meinen n√§chsten Urlaub werde ich dann doch wieder mehr ausgeben.",3
92791,"Die Ente ist in Ordnung. √úber den Lieferdienst sollte man sich mal Gedanken machen. Die Verpackung, sowohl des Pakets als auch der Ente, war so massiv besch√§digt und eingedellt, dass man sie nur noch ohne Verpackung verschenken kann. Extrem √§rgerlich!",3
84236,"Leider hat es in meinem Falle nicht geklappt einen Riss in der √ñlwanne damit zu reparieren, denn obwohl ich es gro√üfl√§chig benutzt habe sickerte immer wieder √ñl an den Seiten durch. Und obwohl ich es vorher gut entfettet hatte, klebte die Dichtmasse nicht wirklich gut an der √ñlwanne. Dann musste leider doch eine neue √ñlwanne her.",3
102689,Miss fritter ist zu klein im Gegensatz zu normalen Cars Autos. Passt nicht auf die Rennstrecke. Daher nur 3 Sterne,3
116075,"Idee war auf LED umzusteigen. Zum testen wurde dieses Leuchtmittel gekauft (g√ºnstiger Preis). Leider sind diese Lampen etwas Gr√∂√üer als die ""alten"" Gl√ºhlampen und somit passten sie leider nicht in die enge Lampe. Verarbeitung ist dem Preis entsprechend einfach gehalten. Aber sie tuen was sie sollen.",3
104583,Funktioniert wie es soll! Nur leider ist eine extrem helle gr√ºne LED verbaut die konstant leuchtet und erst beim Laden eines Handys in eine etwas dunklere blaue LED wechselt.,3
89643,Verbiegen sich leider schnell. Und ich habe sie bisher wirklich nur im Sand genutzt..,3
110599,"Erf√ºllt seinen Zweck, k√∂nnte bessere Qualit√§t haben",3
113917,Produkt ist passend zum Preis. Keine Beanstandung. Wie bestellt und erwartet.,3
119314,"Der Eimer ist vom Prinzip ganz sch√∂n und modern so wie gew√ºnscht. Das Plastik ist nicht sehr hochwertig daf√ºr ist der Holzdeckel sehr sch√∂n, AABER und jetzt kommt das gro√üe aber: Was hat dieser h√§ssliche Pfeil auf der Au√üenseite zu suchen? Er ist gedruckt und somit nicht zu entfernen. Ich hoffe auf Antwort oder Umtausch gegen einen Deckel ohne Pfeil ansonsten muss ich ihn zur√ºck schicken. So leider wegen Schimmel Befall weg.",3
119776,"Ich habe den Kompass gekauft, weil er g√ºnstig ist und robust erscheint.Soweit ich es beurteilen kann, geht der Kompass auch genau.F√ºr meine Zwecke ist er ideal.Was man als negativ bewerten muss, ist die Bedienungsanleitung, die einfach nicht zu gebrauchen ist und viel zu klein ist.Au√üerdem wird sie in deutscher Sprache nicht geliefert.Der Verk√§ufer hat mir nach Nachfrage, eine abgespeckte Anleitung zukommen lassen.",3
110158,"Das Produkt wurde schnell, gut verpackt und komplett geliefert. Ein f√ºnf Sterne Men√º wird man damit sicherlich nicht kochen k√∂nnen, aber f√ºr eine einzelne Person ohne gro√üe Men√º Anspr√ºche reicht es auf jeden Fall. :) Es ist wirklich sehr klein - dachte zuerst, es ist als Kinderspielzeug gedacht... Daf√ºr sehr leicht, ca. 534 g. (laut meiner Waage) und sehr handlich. An die Qualit√§t kann man wohl auch nicht hohe Anspr√ºche setzen. Werde es auf meiner Reise testen und berichten, wie es sich unter Feuer macht. :)",3
98511,"Sch√∂ne schlichte Box, Gr√∂√üe gut f√ºr Kindergarten Kinder. Gro√ües Manko: Sehr schwer zu √∂ffnen/schlie√üen. Der Deckel muss fest draufgedr√ºckt und entsprechend abgenommen werden. Meine Dreij√§hrige bekommt dies trotz einigen √úbens nicht zuverl√§ssig hin. Da sie dies im Waldkindergarten alleine k√∂nnen muss, ging die Box zur√ºck. Zudem ist sie denk ich nicht auslaufsicher - hab nun eine mit Dichtungsring und Schnallen bestellt.",3
100804,"Schwer, und unflexibel. Bild auf Karton suggeriert kuscheliges. W√§rmt.",3
119356,"Eigentlich ein super bequemer Schuh, leider nur ein halbes Jahr gehalten",3
116811,"Ich kann mich meinem Vorredner nur anschlie√üen! F√ºr den Preis hatte ich ein Produkt erwartet, was dem Originalprodukt nahe kommt, oder dieses sogar √ºbertrifft. Die Tasten sind soweit in Ordnung, man muss sich an das Schreiben gew√∂hnen, da diese schon recht kr√§ftig gedr√ºckt werden wollen. Schreibt man darauf wie auf der Originaltastatur, passiert es, dass der ein oder andere Buchstabe nicht im geschriebenen Text erscheint! Also kr√§ftig dr√ºcken! Ansonsten mach die Tastatur einen guten Eindruck, sie f√ºgt sich optisch perfekt in die Apple-Umgebung ein und l√§sst es zu gleich drei weitere Ger√§te damit zu steuern. Die Beleuchtung ist in Ordnung. Sie ist ein einem bl√§ulichen Wei√üton gehalten und l√§sst sich in mehreren Stufen einstellen. Im Gegensatz zu den Apple MacBook Tastaturen tritt das Licht aber auch zwischen den Tasten aus, was mich am Anfang ein wenig irritiert hat. Beim l√§ngeren Schreiben erm√ºden die H√§nde und Unterarme ein wenig, da man schon etwas kr√§ftiger dr√ºcken muss. Die Funktionstasten sind - wie bei Apple √ºblich - √ºbernommen worden. Hin- und wieder kommt es vor, dass die Tastatur etwas langsamer regagiert, wenn man den Mac aus dem Standby-Modus erwecken m√∂chte. Hatte mich aufgrund des Designs und der Gr√∂√üe gegen die neue Logitech-Tastatur entschieden, w√§re mir der Platz egal, w√ºrde ich sie mit Sicherheit dagegen austauschen.",3
91164,"Sch√∂nes Produkt, aber h√§tte ich mir mehr Steine mit Effekten gew√ºnscht. F√ºnf Steine haben gar keine Funktion und sind einfach nur aus Holz. Auch die Oberfl√§chen sind nicht anders. Baby hat es im Mund gesteckt und es f√§rbt sofort etwas ab. Von Qualit√§t erwartete ich mehr. Schade",3
81862,"Im Vergleich zu einer GU10 400lm LED-Lampe die wir bei Ikea gekauft haben, scheint mir diese hier deutlich dunkler. Ich konnte auf der Verpackung auch keine Angabe zu den 400lm finden, die diese Lampe laut Verk√§uferbeschreibung haben soll.",3
110821,"Die Sneaker-Socken passen wie erwartet. Allein der Stoff ist, mir pers√∂nlich, zu plastisch ! Nach einem Tag nutzen eines der Paare stinken die F√º√üe nach Schweis, weil die Socken kaum Schweis aufnehmen. F√ºr einen coolen Style und angenehme Passform bekommen diese Socken von mir 3 verdiente Punkte !",3
86426,"Wir hatten die Blument√∂pfe schon im letzten Jahr gekauft und haben nochmals 3 nachbestellt, sehr formsch√∂n und Preis/Leistung stimmt. Leider sind 2 der 3 nachbestellten T√∂pfe verkratzt angeliefert worden. Nicht sehr sch√∂n !",3
87748,"Die Waage sieht sch√∂n aus und die Verbindung mit der app ist auch super, 2 Sterne Abzug weil andere Werte wie z. B. Knochen meiner Meinung nach nicht stimmen k√∂nnen bei mir kommt 2.5 kg raus zum Vergleich auf einer teureren Waage sind es 12 kg was f√ºr mich realistisch ist, wenn ich nur mein Gewicht wissen will brauche ich auch keine app",3
98708,Ich habe das erste St√ºck zurechtgeschnitten. Danach habe ich leider beim aufkleben ein Fehler gemacht. Nun ja wenn man es das erste mal macht nicht schlimm dachte ich mir. Ich wollte dann nochmal die Gr√∂√üe ausschneiden und zack war das Ding leer. Also reicht es ziemlich genau f√ºr zwei Scheinwerfer. Daher nur drei Sterne.,3
89842,"wollte Artikel nur auf meiner Watchlist vermerken und pl√∂tzlich wurde mir der Betrag von 9,99 ‚Ç¨ berechnet! Konnte nicht storniert werden :O(",3
86151,Richt nach Chemie ansonsten ganz in Ordnung. Also wer damit kein Problem hat kann es ja ausprobieren . Die Gr√∂√üe hat gepasst,3
106044,"Wir haben den Rausfallschutz zur Sicherung unseres Boxspringbettes gekauft, da in der Beschreibung stand das es auch daf√ºr gemacht ist. Leider ist dies nicht so, da man es anschrauben muss und bei unseren Boxspringbett kein Lattenrost zum anschrauben vorhanden ist. Wir haben uns was einfallen lassen und k√∂nnen es jetzt trotzdem nutzen üòä",3
193078,Diese Matte ist super üëç ! Rutschfest und polstert gut. Unsere Hunde finden sie auch sehr bequem üòÖ besser ist sie aber f√ºr Yoga geeignet. üòÇ,5
166523,Top. Preis-Leistung absolut okay. Ware ist in einer guten Qualit√§t.,5
184007,TOP super Preise Leistung Habe die H√§nge sietz Schaukel jetzt 3 Monate h√§ngen und bin immer noch der froh das ich sie habe also kann sie weiter empfehlen,5
164688,L√§√üt sich gut reinigen,5
164368,"sehr schnelle Lieferung, gute Passgenauigkeit sehr gerne wieder",5
161787,"Meine Haken haben zwar keinen Schutzfilm unter dem Magneten, aber das stellt doch kein Problem dar, da die Haken tats√§chlich an ihrer Position verbleiben und nicht rutschen.",5
173895,"Alles bestens! Ich hatte schon viele Arten von Verschl√ºssen ausprobiert. Leider hatten die aber M√§ngel bei der Funktion. Die meisten passten nicht auf alle Flaschen. Zudem sahen manche auch Sch... aus. Diese hier passen bisher auf jede Bierflasche, sehen gut aus und erf√ºllen ihren eigentlichen Zweck.H√§lt sogar auf dem Kopf. Gerne wieder",5
196665,"Die Rutsche war ein Geschenk f√ºr meinen Enkel. Er ist mit knapp √ºber einem Jahr aber noch ein wenig zu klein daf√ºr und hat ein bisschen Respekt vor der Rutsche. Aber ich bin sicher, dass sie noch gute Dienste tun wird. Die Rutsche wurde super schnell versendet, wirkt sehr stabil und der Aufbau war denkbar einfach. Alles prima...",5
163751,Super Qualit√§t und Optik Perfekt zum Mitnehmen,5
192343,Sehen sehr gut aus und passen auch perfekt. Der n√§chste Schnorchel-Urlaub kann kommen. Jederzeit gerne wieder. Kann ich nur empfehlen.,5
191382,"Es ist ein wundersch√∂nes Produkt. Der pure Hingucker. Allein der Runde Karton sieht beim auspacken sehr edel aus. dann kommt die Kr√∂nung. Die Flasche aus Glas mit dem goldenen Verschluss. Einfach nur wundersch√∂n. Daher auch ideal als ein Geschenk. Es h√§lt lange warm oder kalt je nachdem was man reinf√ºllt. Ist auslaufsicher und Kein Vergleich mit anderen Glas Flaschen. Es ist sehr modern, edel und wundersch√∂n Ich kann es daher mit einem besten Gewissen weiterempfehlen",5
179846,"Dieser Fahrradtr√§ger ist im Vergleich zum Atera viel stabiler gebaut, einfache Montage u. kann nur empfohlen werden. Das einzige Manko ist, da√ü die Halterungen f√ºr die Fahrr√§der sehr kurz sind, daher ist es oft schwierig die richtige Position zu finden um die E-Bikes am Rahmen festmachen zu k√∂nnen.",5
198580,"Sch√∂n warm und flauschig, super Hausschuhe",5
170545,"Ich kann dieses Buch nur empfehlen. Eine sehr ergreifende, wenn auch brutale Geschichte. Man kann das Buch gar nicht weglegen.",5
198505,"Meine Tochter (2 Jahre) liebt ihr Stockerl. Perfekt zum alleine Z√§hne putzen, H√§nde waschen und in der K√ºche helfen. Super auch mit den kleinen Tragegriffen auf der Seite.",5
178148,Passt perfekt und ist super verarbeitet und das alles f√ºr diesen Preis.,5
195778,Ich bin voll und ganz zufrieden!!!!! Man muss nur die Anleitung gut befolgen die findet man ganz leicht im Internet und dann habt ihr eine gute Schutzfolie auf euer Smartphone. Ich w√ºrde es wieder kaufen!!!,5
191946,"Nachdem ich etliche Kissen durchprobiert habe, von Tempur bis Gelkissen, habe ich nun endlich das perfekte Kissen f√ºr mich gefunden. Keine Verspannungen mehr, im Bereich der HWS. Den Kopf kann ich wieder drehen und bewegen, wie seit Jahren nicht mehr. Besonders m√∂chte ich aber auch den Kontakt mit H√§ndler hervor heben. So einen sensationellen Kundenservice, habe ich noch nie erlebt. Es wurde immer schnell geantwortet und sich um alles sofort gek√ºmmert. Vielen Dank W...y",5
172095,F√ºrs Jugendzimmer eine tolle Sache!,5
178701,"Der Rucksack ist modern und die Qualit√§t ist auch gut, es wird f√ºr Babynahrung verwendet, sehr leicht und praktisch.",5
162881,H√§lt was er verspricht,5
162760,"Promote Lieferung, gutes Produkt!",5
197902,"Ich habs geschafft! Die Konsistenz war gro√üartig. Das Wachs war warm, aber gleichzeitig nicht hei√ü, also habe ich es sch√∂n am Ende des Applikators gesammelt und‚Ä¶ war fertig !!! Ich bin so mutig und ich bin so stolz auf mich!",5
172805,"Ich muss sagen das ich den echt lustig finde. Ebenso kann ich auch sagen das ich Dwayne Johnson aus so welchen Filme sehr sehr selten kenne. So √ºber den Film kann ich sagen das ich den super finde ,ist vielleicht nicht jedermans sache aber ist echt cool der Film. Kann den Film 5 Sterne geben und einen Daumen nach oben.",5
194311,Die beste Folie die ich je hatte. Leider ist sie nicht mehr verf√ºgbar. Schade,5
161074,"Das Halsband ist leicht zu k√ºrzen und hat eine echt super lange leichtdauer. Es h√§lt regen aus und sitzt auch gut am Hund. Wir haben die Farbe Orange an einem Hund mit mittellangem Fell Bei uns fehlte das ladekabel , was aber vom Verk√§ufer sofort korrigiert wurde Also wirklich empfehlenswert",5
177119,Ich habe mehrere Lampen ausprobiert und es war die erste die ein echtes UV Licht hatte. Ich w√ºrde sie wieder kaufen und kann auch weiterempfehlen.,5
174228,"Tolle neuartige Trinkflasche in schicken Design. Ich wurde bereits mehrmals im Fitnessstudio angesprochen woher ich sie habe. Das zusammenrollen ist echt eine prima Funktion , somit kann sie platzsparend verstaut werden. Auch das sie frei von Weichmachern ist vermitteln mir ein gutes Gef√ºhl. F√ºr mich eine tolle Anschaffung Sie h√§lt dicht und l√§sst sich einzigartig zusammenrollen. Klare Empfehlung Echter Hingucker",5
198161,"Das Produkt ist sehr gut.Auch die Befestigungsschlaufen sind sehr hilfreich gegen Sturm..Alles in allem eine Abdeckhaube,die man nur weiterempfehlen kann",5
169585,"Super Farbton,w√ºrde ich jederzeit wieder kaufen ! Deckt sehr gut ab und l√§sst sich gut verarbeiten.",5
176354,Olymp die Qualit√§t wie gewohnt sehr gut,5
161239,Passt wie angegossen. Nach pers√∂nlichem Empfinden etwas zu teuer,5
161670,Perfekt f√ºr den Urlaub. Passt sehr viel rein so das man schon beim Flughafen alles wichtige zur Hand hat,5
164022,"Sehr schnelle Lieferung und ein gutes Produkt. Dankesch√∂n weiter so. Besser geht es nicht. Beste Kommunikation mit dem Verk√§ufer, klasse",5
171199,Mega Produkt. Sehr sch√∂n und qualitativ hochwertig,5
179050,F√ºr meine Sohn zum 8. Geburtstag gekauft. Er konnte direkt damit fahren. Macht ihm viel Spa√ü. Bisher nichts kaputt.tiptop nnn,5
164200,"Viele Hersteller kommen nicht drauf. Sie machen einfach herstellen solche ger√§t und sind nur HALB HANDS-FREE! Bei diese ger√§t ist es 100% Hands Free. Da kann man zb das Ger√§t unter den Tisch stellen oder auf wand stellen oder auf den Tisch und nur gleitgel schmieren und los geht. Also das kann ich nur empfehlen. Hab einige gekauft und war nicht so begeistert von g√ºnstig bis teuer, ab 40‚Ç¨ bis max 80‚Ç¨ und musste jedes mal zur√ºckgeben weil die Qualit√§t einfach nicht ausreichend. Klar UP &DOWN ist dabei aber handsfree ist es wirklich nicht. Man muss jedes mal selber irgendwie halten. Aber bei diese Ger√§t hingegen. Man stellt es einfach irgendwo man gerne m√∂chte und schon ist es 100% handsfree. Da muss man nicht halten sondern ehe bequem Sitzen. Was will man mehr? Preis ist ok! Sound braucht nicht viele. Aber es ist tats√§chlich dabei. Mit kopfh√∂rer. Und sehr gute Schmierung (gleitgel) Gleitgel an sich optimal sehr gut. Wasserl√∂slich ist es. Aber ist schmiert sich so sehr. Also man nimmt nur einwenig und schon ist das ganze voll verschmiert. Das w√ºrde ich sehr gern weiter testen.",5
186820,Hei√ü geliebt und viel genutzt. Passt super auf den Kinderkopf und rutscht nicht immer wie die gro√üen. Sch√∂ne Farbe und individualisierbar durch die Aufkleber. Zumindest f√ºhlt es sich f√ºr das Kind so an! Haben sie f√ºr einen langen Flug gekauft. Aber inzwischen kommen soe √ºberall zum Einsatz. Waren bis jetzt auch nicht kaputt zu kriegen. Empfehlen wir gerne weiter!,5
183226,"Erst im Winter ausprobieren, und Rezension m√∂chte ich schreiben",5
174747,"Die Farben sind kr√§ftig und sch√∂n, so wie in der Abbildung. Die Qualit√§t ist sehr angenehm, die Verarbeitung top. Die Lieferung erfolgte sehr schnell.",5
163987,"Passt super, einfach abzubringen und die Bedienung ist nicht eingeschr√§nkt.",5
182642,"Ich muss zugeben, dass es mein zweites Tisch-Holzkohlegrill ist. Den ersten habe ich ausgepackt, mich bei den schlecht verarbeiteten Teilen verletzt, wieder eingepackt und abgegeben. Dieser Grill √ºberzeugte mich vollkommen. Alles super verarbeitet, schnell Grill bereit und das Ergebnis ist einfach herrlich. Was auch mir gef√§llt, ist es, dass ich nicht mehr einen ganzen Sack Kohle f√ºr ein einziges Grill-Abend brauche. Zwei H√§nde voll Kohle und es werden 4 Personen satt. Auch f√ºr mich alleine nutze ich es, weil es so wenig Arbeit macht.",5
199296,"Da es sich um ein Retro-Design handelt,ist das Licht weich und nicht blendend.Ich verwende es in Innenr√§umen.Es hat ein warmes und romantisches Gef√ºhl .Der Preis ist nicht teuer und es lohnt sich,es zu kaufen.",5
166894,Qualit√§t wie erwartet,5
168417,"Sehr schicke Lampe, die mit ihrem Farbspiel f√ºr eine sch√∂ne Atmosph√§re sorgt :) ich kann es f√ºr diesen Preis in jedem Fall weiter empfehlen.",5
163880,Das Gummiband der Fliege ging leider beim ersten Tragen kaputt! Man hat mir aber Ersatz angeboten und ein neues Gummiband wird zugesandt ! Vielen Dank !,5
183316,Das Buch hat mich sehr ber√ºhrt. Ich habe beim Lesen oft an meine Mutter gedacht. Sie hat es nicht geschafft meinen Vater zu verlassen. Ich h√§tte ihr ein freies Leben ohne Bevormundung und Unterdr√ºckung gew√ºnscht.,5
174932,Gute Matratze f√ºr guten Preis,5
161839,Super deutscher Film! Schauspieler auch Super ! Fand ich klasse! Wie echt! Schauspieler auch normal ! Gut gespielt! Schneller Versand!,5
190268,"Den Kissenbezug habe ich als Geschenk be√∂tigt, super tolles Motiv und sehr gutes Prei-Leistngsverh√§ltnis",5
185774,"Ich habe lange mit diesen Schuhen gelieb√§ugelt und heute kamen sie an. Sie sind sehr bequem und das weiche Fell darin h√§lt die F√º√üe sch√∂n warm. Jedoch ist der Schuh vorn etwas enger gemacht, weshalb man evtl.bei breiteren F√º√üen vlt. Eine Nr. Gr√∂√üer bestellen sollte. Die Farbe ist klasse und die ""Aufkleber"" geben dem Schuh das besondere Etwas. Zudem steht Mustang f√ºr sehr gute Qualit√§t. Dies ist mein 6. Paar und das erste trage ich jetzt seit 5 Jahren. Top Qualit√§t zu gutem Preis. Ich bin gl√ºcklich :D",5
161869,Ist einfach einzusetzen und funktioniert wie versprochen. Eine lohnenswerte Investition.,5
195276,Ware wie beschrieben,5
162289,"Ich war auf der Suche nach einer langlebigen, veganen Alternative zu Lederg√ºrteln und habe mich f√ºr den schwarzen G√ºrtel aus Kork entschieden. Der G√ºrtel ist sehr schick, qualitativ echt hochwertig und sogar etwas leichter als ein Echtlederg√ºrtel - ich bin richtig gl√ºcklich damit!",5
164972,"Diese Einlegesohlen sind der Hammer, man geht wie auf Wolken. Sie unterst√ºtzen das Fu√übett genau richtig. Habe schon mehrere Orginal Sohlen in meinen Schuhen ersetzt..",5
181853,"Sch√∂n verarbeitet, passen super und sind angenehm zu tragen",5
199265,"Bis jetzt sehr zufrieden. Ein Tipp f√ºr jeden der sein Display sch√ºtzen m√∂chte aber auf die Plastikfolien verzichten m√∂chte. Die Handhabung ist wirklich leicht und f√ºr diejenigen die noch nie zuvor eine Glasfolie angebracht haben ist eine tolle Beschreibung dabei mit der das super funktionieren sollte! Ich muss dazu sagen, dass ich schon etliche dieser Folien verwendet habe, aber noch nie so ein sch√∂nes Blasenloses Ergebnis hatte!",5
162141,Ich benutze diese B√§lle gerne f√ºr die Triggerpunkte es tut zwar weg aber das ist ja auch normal seit ich sie gegen meine nackenverspannungen benutze haben sie mir jedes mal gegen meine starken Kopfschmerzen mit Brechreiz geholfen f√ºr diesen Preis unschlagbar ganz klare Kaufempfehlung sie stinken auch nicht beim Auspacken,5
188120,"Schnelle Lieferung. Ich habe den W√§schesack haupts√§chlich f√ºr meine BHs bestellt. Gut verarbeitet und ein recht wertiges Material verhindert Besch√§digung an W√§sche und Waschmaschine. Feinmaschiges Netz mit Innenpolsterung f√ºr optimalen Schutz. Es gibt 6 St√ºck, bei Reisen die Schmutzw√§sche separat zu verstauen. Bisher wurden mit den W√§sches√§cken BHs gewaschen, alles prima gelaufen. Die Rei√üverschl√ºsse bleiben Alles in allem bin ich zufrieden und w√ºrde das Produkt empfehlen.",5
171672,Preis und Leistung passen,5
193205,"Der Kosmetikeimer sieht gut aus und der Schwingdeckel ist praktisch. Allerdings ist es schwierig einen Kosmetikbeutel reinzugeben, ohne das oben etwas rausguckt. Trotzdem f√ºnf Sterne.",5
165109,"Die Folie ist passgenau und mit der Bedienungsanleitung leicht am Handydisplay zu befestigen. Man sollte aber schon etwas Geschick und Geduld mitbringen dann ist das ganze kein Problem. Die Schutzfolie macht das was sie soll, bei meinem Handy hatte sie schon den Ersten Displaysprung verhindert. Auf jedenfalls weiter zu empfehlen.",5
165662,"sehr zufrieden, wegen .. + Lieferung (sogar noch vor erwartetem Lieferdatum) + keine unn√∂tige extra Plastikverpackung + sehr viel Stauraum + kleine Seitentasche (sehr praktisch) + sch√∂ne Farben (elegant und trz. cool)",5
187877,"Sitzt perfekt und sch√ºtzt zuverl√§ssig vor Wind und Insekten beim Rad fahren. Hochwertig verpackt, mit viel Zubeh√∂r, wie 2 Paar Wechsel-Gl√§sern und einer Brillen-H√ºlle. Ich bin bestens zufrieden, das Preis-Leistungsverh√§ltnis ist unschlagbar!",5
71782,Hat leider nicht die Farbe Schwarz sondern eher dunkel gr√ºn und f√§llt auch etwas schmaler aus. Wurde wohl falsche Farbe gesendet..,2
75206,"Die H√ºlle ist so rutschig, dass sie mir (samt Handy) schon ein paar Mal einfach so aus der Hand gerutscht ist. Mir ist nach einem Monat auch direkt eine Kappe, die den Sperrbildschirm aktivieren soll, abgefallen. Die Bedienung ist nun ziemlich l√§stig.",2
65709,"Leider zu klein obwohl es viel gr√∂√üer bestellt wurde, habe dieses Shirt dann Neffen gegeben",2
62893,"Die Bild- und Tonqualit√§t von Wii (erste Generation) √ºber Hdmi auf 55 Zoll ist soweit in Ordnung - ich vermute da schr√§nkt der Adapter die Qualit√§t nicht ein, hin und wieder setzt allerdings das Bild f√ºr 1-2 Sekunden total aus!",2
79853,"Bei der ersten Nutzung dachte ich was. Ist das???? Was soll daran Ultra soft sein?? Schock! Nach dem ich sie ungef√§hr 10 mal VORSICHTIG benutzte, wurden die Borsten etwas softer, aber nicht Ultra soft. F√ºr Menschen die das Zahnfleisch eher massieren wollen und schnell zu Zahnfleischbluten neigen, empfehle ich diese B√ºrste gar nicht!",2
47356,"Ich muss mich den schlechteren Rezensionen anschlie√üen. Bei mir brennt es auch, zwar nur kurz, aber dennoch unangenehm und die Gleitwirkung h√§lt nicht lange an, man braucht relativ viel Produkt, wenns l√§nger dauert ;) Kann ich somit leider nicht empfehlen, da daf√ºr zu teuer.",2
47801,"Akku schnell leer, Amazon photo echt nervig. Sehr umst√§ndlich zum bedienen. Bin sehr entt√§uscht",2
75100,Eigentlich ganz tolle Scheibe. Passt perfekt aufs Handy. Bedienungsanleitung nicht auf Deutsch. Leider fing die Scheibe schon nach kurzem an den Seiten zu rei√üen/brechen an ohne das das handy runtergefallen w√§re. Teils sogar mit splittern. Dachte sie h√§lt besser bei dem Preis.,2
66019,"Der Artikel entspricht definitiv nicht der gezeigten Abbildung. Haftf√§higkeit f√ºr kleinere Saugn√§pfe schier unm√∂glich, nicht sonderlich empfehlenswert, also keine Kaufempfehlung.",2
63580,Muss mich den eher nicht guten Rezessionen anschliessen! Ist nur sch√∂n anzuschauen! Verarbeitung mangelhaft! Schon kaputt! Hinterrad abgebrochen! 18 Euro absolut zu teuer! Mich reut der Kauf,2
77178,"Wir haben 3 Decken gekauft, alle Decken sind nicht so verarbeitet wie abgebildet und weisen erhebliche M√§ngel auf.",2
42840,Bei uns funktioniert leider die Fernbedienung nicht und das ist nicht der eine ganz normale Steckdose angeschlossen werden kann nervt mich auch! Leider war es f√ºr mich kein guter Kauf! F√ºr unser Baby ist es auch viel zu hell und zu grell,2
74486,"Leider ist das Spielzeug sehr billig und mir ist die Angel schon beim zweiten Mal beim Spielen kaputt gegangen, hat mich total ge√§rgert weil es auch nicht gerade g√ºnstig war der Preis. Auch die dazu geh√∂rigen Anh√§nger kann man sehr schwer zumachen an der Angel, somit muss ich es offen lassen und es fliegt immer wieder raus. Es tut mir leid, aber dieses Produkt war ein totaler Fehlkauf und w√ºrd ich niemanden weiter empfehlen.",2
64412,An sich ein tolles Produkt. Leider l√§sst die Qualit√§t f√ºr diesen Preis zu w√ºnschen √ºbrig. Ist gerade erst angekommen und bereits beim auspacken ist der Stoff verfusselt. Bin gespannt wie es nach dem ersten waschen aussieht. Werde es trotzdem behalten da ich so kurzfristig nicht mehr schaffe was neues f√ºr den Urlaub zu besorgen. Schade,2
57524,Das bestellte Samsung Galaxy J7 kam nicht nur mit einer Bedienungsanleitung in polnischer Sprache sondern das Smartphone war auch komplett auf polnisch eingestellt und so f√ºr mich nicht zu gebrauchen. Erst mit gro√üem Aufwand und mit Hilfe eines polnischen Kollegen konnte das Smartphone auf die deutsche Sprache umgestellt werden. Leider war dies in der Produktbeschreibung nicht angegeben.,2
45348,"Nach t√§glichem Gebrauch ist das Ger√§t nun nach 11 Monaten defekt, es reagiert nicht mehr. Ansonsten hat es gut funktioniert.",2
67333,"Die Lichterkette ist an und f√ºr sich sch√∂n. Sie leuchtet auch sch√∂n und nicht zu aufdringlich. Allerdings waren nach dem 3. oder 4. Batteriewechsel die Kontakte kaputt und z. T. auch abgebrochen, deshalb leider ab in die Restm√ºlltonne.",2
43084,"An sich eine sch√∂ne Uhr, da man f√ºr diesen Preis nicht all zu viel erwarten kann, hier ein paar Abstriche : Schritte werden gez√§hlt, wenn man nur den Arm bewegt und dabei sitzt. Benachrichtigungen wie whatsapp funktionieren nicht (Samsung s5) Pulsmessung recht ungenau (hat oft Aussetzer) Mein fazit: wenn man technisch eine tolle Uhr m√∂chte, sollte man nicht diese Uhr kaufen",2
43543,Lieferung wie bei Amazon gewohnt sehr schnell! Schoner rollen sich aber beim Gehen auf . Beim ersten Tragen passte es dann dehnen sie sich aber . Werde versuchen sie enger zu machen.,2
58349,"Der Football hat eine gute Gr√∂√üe und kann von meinem achtj√§hrigen Sohn gut geworfen werden. Allerdings ist vor kurzem eine Naht aufgegangen, was nach der kurzen Zeit und der geringen Belastung sehr √§rgerlich ist. Daher nur die zwei Sterne.",2
67782,N√§hte rundum gerissen und sehr instabil,2
75651,"Ich habe meine Kopfh√∂rer vor 3 Wochen bestellt und bereits nach 2 Wochen funktioniert der linke Kopfh√∂rer nicht mehr :( ist sehr sehr schade da ich sie wundersch√∂n finde. F√ºr den Preis kann man zwar nicht all zu viel erwarten, aber zumindest sollten sie l√§nger als 2 Wochen halten.. Zwei Sterne gibt es daher f√ºr die wundersch√∂ne Optik und einen echten Hingucker. Wer allerdings etwas bequemes will- da muss ich leider sagen, dass die Kopfh√∂rer zu klein sind und nach einer Zeit auf dem Ohr dr√ºcken.",2
54732,"Wir benutzen die flotte Lotte h√§ufig f√ºr die Zubereitung von Apfelmus, aber mit diesem Ger√§t war das nicht bzw. nur schwer m√∂glich. Die √Ñpfel wurden nicht runter gedr√ºckt und der Gro√üteil blieb an der Seite h√§ngen. Man hat sich quasi einen Wolf gedreht. F√ºr uns ist das Ger√§t daher v√∂llig ungeeignet und es ging zur√ºck. R√ºckabwicklung war problemfrei.",2
45813,Im spitzen Winkel kann immer noch alles gesehen werden. Protect Schutz nicht gut genug. Hatte mehr erhofft. Leider daher nur zwei sterne.,2
54549,Bei mir fehlen die 5 Filter sowie fen vernebler. Schade ich kann das Ger√§t nicht benutzen. Den Verk√§ufer kann ich auch nicht kontaktieren,2
78954,Ist leider nur auf Englisch kann man nicht auf Deutsch umstellen ging wieder zur√ºck,2
68249,Ich benutze es gerne in der Badewanne. Nach zweimaligem Gebrauch ging die Ladefunktion jedoch verloren und es trat gelbe Fl√ºssigkeit aus. Vielleicht kannst du es im Wasser probieren.,2
70247,"... meine kleine Nichte hat mich nach der √úberraschung angerufen und stellte mir diese Frag, weil sie sich weh getan hat. Aber nachdem ihr Papa den Grat entfernt hatte hat es ihr doch noch gefallen. Lieber Verk√§ufer, besser darauf achten gibt bessere Bewertungen.",2
58152,"Hab echt versucht es zu tragen. Meine Haltung war besser ganz ohne Anstrengung aaaber solbald ich meine Arme H√§ngen lasse wird das ganze mega Unangenehm, bis ich langsam sp√ºre das meine Arme Einschlafen weil die unteren beiden B√§nder einfach noch so sch√∂n anliegend sind wie auf dem Bild zu sehen.",2
61163,"Dieses Produkt ist ein Lacher. Es lockt nur das Geld aus der Tasche, doch die Wimpern nicht einen Millimeter zum Wachsen. Die Wimpern wirken nur etwas dunkler, das l√§√üt sich aber viel Preiswerter erreichen. Produkt schadet nicht, auch bringt es nichts- also besser Finger weg",2
65545,"Am Anfang ist der Geruch der stark. Sehen toll aus, aber ich hatte trotzdem mega viele Stiche.",2
67028,"H√ºbsch, der Deckel √∂ffnet und schlie√üt sich optimal. Der Eimer macht einen hochwertigen Eindruck. Innen ist der Platz allerdings sehr schmal, und wenn man den Abfall nicht bewusst hinunterdr√ºcken will, bleibt er oben h√§ngen, so dass der Eimer immer gef√ºllt aussieht. Deshalb w√ºrde ich den Eimer nicht wieder aussuchen. Auf der gl√§nzenden Oberfl√§che sieht man Staub oder Wassertropfen sofort, so dass er t√§glich abgewischt werden muss, was aber schnell gemacht ist.",2
67944,Leider ist die Farbe des filament es mehr schimmernde dunkelgelb statt Gold :-(. Werde mir vermutlich ein Filament eines anderen Herstellers kaufen.,2
79696,Leider funktioniert der Stift nicht mit einem Huawei M5 Tablet. Es entsteht keine weiche Linie sondern eine Welle. Leider. Denn ansonsten war der Eindruch sehr gut.,2
43699,"Der Artikel ist toll, aber leider hat der Key nicht funktioniert. Habe den Artikel nochmal bestellt und den selben Key wie beim ersten mal erhalten, der auch nicht ging. Das Geld wurde mir in beiden F√§llen erstattet, daher 2 Sterne.",2
65184,Der Deckel passt nicht.,2
40478,Habe die Kette f√ºr die Adventsbeleuchtung gekauft um der Kabelage aus dem Weg zu gehen doch leider reicht im Dezember das Tageslicht nicht aus um die Lichter l√§nger als Max. zwei Stunden leuchten zu lassen üò©! Hat leider grade mal 4 Wochen gehalten!,2
45567,Leider war ich sehr entt√§uscht.... Verpackung wundersch√∂n sieht alles supi aus und dann will man ein Bad nehmen und alles was die Badebombe macht sind kleine blasen und dann war der Spa√ü vorbei... Ich erwarte etwas anderes von einer Bade *BOMBE*....,2
61512,"Ich dachte erst die Gr√∂√üe wird das Problem, aber nein. Die N√§hte sind sehr schlecht verarbeitet, schon nach dem ersten Waschgang l√∂st sich gef√ºhlt die halbe Hose auf. Vom stoff her und vom Schnitt dennoch sehr angenehm zu tragen. Sehr schade!",2
48050,Die Jacke wurde offensichtlich schon getragen weil sich in der Jackentasche erstaunlicherweise ein paar Cent befanden.Der Geruch der Jacke ist auch unangenehm au√üerdem zu klein geschnitten.,2
66475,"Die Brillen sind sehr breit gehalten und passen daher eher schlecht bzw. fallen schnell runter. Schade, ansonsten w√§ren die Brillen ein guter Partygag.",2
65690,Nicht mein Geschmack,2
58578,Ich nutze den Reiskocher jetzt bestimmt schon √ºber 1 Monat und das t√§glich. Ich s√§ubere den Topf immer von Hand und habe mich auch genau an die Anleitung gehalten bez√ºglich des Mischverh√§ltnisses von Wasser und Reis und dennoch brennt mir der Reis jedes mal an. Ich habe auch verschiedene Mischungen mal ausprobiert mit mehr Wasser aber auch da das gleiche Ergebnis. Der Topf ist 1A in Ordnung da sind keine Kratzer nix und dennoch brennt er jedesmal an. Der Vorteil an dem Ger√§t ist daf√ºr das das Gem√ºse im oberen Fach echt lecker und knackig wird aber f√ºr knappe 100‚Ç¨ einen Reiskocher zu bekommen wo der Reis immer anbrennt ist schon frech. Da h√§tte ich mir auch einen f√ºr 30‚Ç¨ kaufen k√∂nnen eig. dachte ich das dieser Reiskocher eine gute Qualit√§t hat deshalb hab ich extra mehr ausgegeben.,2
79296,"Nach knapp 2 Jahren bl√§ttert leider der Lack an den Kanten ab. Schickes Design, welches aber bei der minderwertigen Qualit√§t den Preis nicht rechtfertigt.",2
62019,An sich sch√∂n aber viel zu nah am Rand graviert. Versand wie angegeben,2
64790,"Ziemlich einseitige Geschichte. Die Charaktere handeln sehr un√ºberlegt und sind ausschlie√ülich auf die Liebe fixiert. Alles andere z√§hlt f√ºr sie √ºberhaupt nicht mehr, was vor allem im Fall von Nicholas sehr unglaubw√ºrdig ist. Au√üerdem spricht die gesamte royale Gesellschaft sowohl vulg√§r als auch absto√üend, was f√ºr mich der gr√∂√üte Kritikpunkt ist. Insgesamt wirkte die Story sehr auf die Sexszenen beschr√§nkt. Es ging stets nur um die gegenseitige Anziehung und nicht den eigentlichen Plot. Man konnte eigentlich damit rechnen, dass alle paar Seiten eine neue Sexszene zwischen Olivia und Nicholas vorkommen w√ºrde. Leider zu platte Charaktere und die Story ist zu klischeehaft bzw. unglaubw√ºrdig.",2
72237,"Eigentlich ne gute Leine f√ºr meinen Hund 30kg und sehr aktive, aber 1 vielleicht 2 Minuten aus den Augen gelassen, da war die Leine durchgebissen! :-(( Dann doch lieber Leder",2
69099,Leider hat der Duft √ºberhaupt nicht lange angehalten. F√ºr den preis h√§tte ich etwas besseres erwartet.,2
53517,armband der uhr nicht original?,2
41781,Mit der empfohlenen Menge Wasser zu konzentriert und zu s√º√ü,2
74198,"Leuchtet trotz maximaler Helligkeit ziemlich schwach. Zudem merkt man, dass am Material gespart wurde. Das Band ist nicht mal laminiert wie es andere LED B√§nder sind. Lieber ein paar Euro mehr bezahlen und ein gescheites Band kaufe",2
77200,"Die Kette ist wundersch√∂n, allerdings fallen die Anh√§nger der Reihe nach ab... Schade drum! W√ºrde mir mehr w√ºnschen. Keine Kaufempfehlung",2
73706,"Heute angekommen, wollte eine Kette draus bauen sie riss schon beim kleinsten Zug ich werde es nie wieder kaufen wirklich Schade aber es kam immerhin fr√ºher an als angegeben",2
75817,"Die Qualit√§t war einwandfrei und wie beschrieben. Allerdings w√ºrde ich die Farbe nicht als rose/rosa bezeichnen, eher ein grelles Pink. Wirkt unruhig und k√ºhl. Das ist auch der Grund warum der Artikel zur√ºckging.",2
79163,"Sonnenbrille ist nach nur einer Woche Nutzung bereits gebrochen. Sehr hartes Plastik, das schon bei Lieferung verd√§chtig knarzte und der linke B√ºgel lie√ü sich nur sehr schwer √∂ffnen. Die Brille wurde reklamiert.",2
46782,Vielleicht kann man f√ºr diesen Preis nicht viel erwarten. Aber zumindest eine Saison lang sollten die Dinger doch halten... Die N√§hte gehen nach wenigen Wochen schon auf und das Material ist so d√ºnn dass alleine schon beim √ºberstreifen √ºbers Fahrrad L√∂cher entstehen.,2
70052,"Leider ein schlecht verarbeitetes Produkt. Musste das Ger√§t schon einmal retournieren, weil direkt beim auspacken ein St√ºck Plastik abgebrochen ist. Jetzt muss ich das neue wieder reklamieren, da nach dem 5. mal gebrauchen das Plastikteil zum R√ºhren total verbogen ist. Schade!",2
63695,"Bis vor wenigen Tagen war ich total √ºberzeugt von der H√ºlle. Sie passt optimal, ist d√ºnn und sieht hochwertig aus. Nun - weniger als ein Jahr nach dem Kauf - beginnt sich jedoch die Oberfl√§che aufzul√∂sen. Die H√ºlle ist nun weder optisch noch haptisch in einem akzeptablen Zustand. Sehr schade. Daher kann ich von einem Kauf nur abraten.",2
69687,"Habe das Ger√§t extra f√ºr meinen Geburtstag bestellt und war wirklich entt√§uscht. Nach Anstellung des Ger√§tes fing das Waffeleisen sofort an zu qualmen bevor der Teig im Ger√§t war . Es wurde nach paar Waffeln zwar etwas weniger aber hat trotzdem war es f√ºr mich ungew√∂hnlich. Es hat auch ziemlich lange gedauert bis die Waffeln fertig waren , sch√§tzungsweise doppelt so lange wie bei einem herk√∂mmlichen Waffeleisen , war f√ºr die gro√üe M√§nge die ich machen musste etwas m√ºhselig.",2
54851,"Qualitativ eigentlich ein gutes Holz etc. ABER!!! ES WAREN KEINE STEINE VORHANDEN wie beschrieben! Verk√§ufer war nicht zu kontaktieren! Das ging nur √ºber Amazon. Die Steine wurden nicht nachgeliefert, sondern wir mussten alles wieder zur√ºckschicken! Dieses Spiel haben wir eigentlich deshalb gew√§hlt, weil Steine dabei sein sollten! Auserdem hat uns der Magnetverschluss inspiriert! Werden es also leider zur√ºcksenden und auch leider noch mal den selben Anbieter nutzen m√ºssen, weil kein anderes Spiel diese beiden Vorteile hat. Sehr schade! Kundenservice sieht leider anders aus! Hoffentlich sind diesmal Steine dabei!!!! Ansonsten werde ich das auch wieder hier √∂ffentlich machen! Nachtrag : ich habe es noch mal bestellt und diesmal waren Steine dabei! Prima ! Hat aber gedauert bis wir unser Geld zur√ºck hatten. √Ñrgerlich war, dass die 14 Tage um waren und wir erst bei Amazon anrufen mussten! Amazon hat sich dann darum gek√ºmmert und hat das Geld angefordert. Vielen Dank Amazon. Das Geld ist nun da! Produkt ist Top , aber der Service des Anbieters .... naja!",2
40412,Schleckte Qualit√§ten,2
53402,Leider hat es nicht funktioniert das Loch zu kleben. Der Pool verliert noch immer Luft.,2
41267,"Brauchte dringend neue Maschine. W√ºrde ich aber nicht mehr kaufen. L√§uft sehr langsam und verkalkt sehr schnell. Allerdings haben wir auch sehr kalkhaltiges Wasser. Alte Maschine war ca. 10 Jahre alt, brauchte aber nicht so oft eine Entkalkung und war doppelt so schnell.",2
64003,Metallarmband aus der Halterung nach 2 Wochen rausgefallen. Uhr stellt sich nicht mehr nach der App. wenn die Uhr nicht gleich wieder aufgeladen wurde oder aus irgendeinen Grund von der App. getrennt war.,2
